{
    "body_temperature": [91.84, 91.552, 96, 90.768, 97.872, 95.376, 97.2, 99, 96.168],
    "limb_movement": [16.6, 15.88, 10, 13.92, 6.496, 9.376, 5.6, 8, 4.224],
    "Blood_oxygen": [89.84, 89.552, 95, 88.768, 96.248, 94.064, 95.8, 97, 95.112],
    "Sleeping_hours": [1.84, 1.552, 7, 0.768, 8.248, 6.376, 7.8, 9, 7.112],
    "Heart_rate": [74.2, 72.76, 60, 68.84, 53.12, 58.44, 52, 55, 50.28],
    "Stress_level": [3, 3, 1, 3, 1, 1, 1, 1, 1],
    "fitness": [0.333333333, 0.333333333, 1, 0.333333333, 1, 1, 1, 1, 1]
  }
  